Workbook

Sheet Dashboard
B1: Household Electricity Consumption Dashboard
B2: Hourly smart-meter readings, Jan 2023 - Dec 2025. Choose a household in the yellow cell; everything below updates.
B4: Household: | C4: H001 | D4: =IF(C4="H001","Detached, 4 occupants (EV from Jul 2024)",IF(C4="H002","Condo, 1 occupant",IF(C4="H003","Townhouse, 3 occupants","")))
B6: Total kWh (3 yrs) | D6: Avg kWh / month | F6: Peak month kWh | H6: 2025 vs 2023 | J6: Weekday peak hour
B7: =SUM(C47:C82) | D7: =AVERAGE(C47:C82) | F7: =MAX(C47:C82) | H7: =K49/K47-1 | J7: =INDEX(E47:E70,MATCH(MAX(F47:F70),F47:F70,0))
B42: Source: SQLite energy.db (readings_clean) via Python/Pandas. Data is synthetic, built to mimic smart-meter behaviour.
B45: Chart data (feeds the charts above - formulas, do not overwrite)
B46: Month | C46: kWh | E46: Hour | F46: Weekday | G46: Weekend | J46: Year | K46: Annual kWh | M46: Season | N46: Avg kWh/day
B47: 2023-01 | C47: =SUMIFS(Monthly!$D:$D,Monthly!$A:$A,$C$4,Monthly!$C:$C,B47) | E47: 0 | F47: =SUMIFS(Hourly!$D:$D,Hourly!$A:$A,$C$4,Hourly!$B:$B,"Weekday",Hourly!$C:$C,$E47) | G47: =SUMIFS(Hourly!$D:$D,Hourly!$A:$A,$C$4,Hourly!$B:$B,"Weekend",Hourly!$C:$C,$E47) | J47: 2023 | K47: =SUMIFS(Yearly!$C:$C,Yearly!$A:$A,$C$4,Yearly!$B:$B,2023) | M47: Winter | N47: =SUMIFS(Seasonal!$C:$C,Seasonal!$A:$A,$C$4,Seasonal!$B:$B,"1 Winter")
B48: 2023-02 | C48: =SUMIFS(Monthly!$D:$D,Monthly!$A:$A,$C$4,Monthly!$C:$C,B48) | E48: 1 | F48: =SUMIFS(Hourly!$D:$D,Hourly!$A:$A,$C$4,Hourly!$B:$B,"Weekday",Hourly!$C:$C,$E48) | G48: =SUMIFS(Hourly!$D:$D,Hourly!$A:$A,$C$4,Hourly!$B:$B,"Weekend",Hourly!$C:$C,$E48) | J48: 2024 | K48: =SUMIFS(Yearly!$C:$C,Yearly!$A:$A,$C$4,Yearly!$B:$B,2024) | M48: Spring | N48: =SUMIFS(Seasonal!$C:$C,Seasonal!$A:$A,$C$4,Seasonal!$B:$B,"2 Spring")
B49: 2023-03 | C49: =SUMIFS(Monthly!$D:$D,Monthly!$A:$A,$C$4,Monthly!$C:$C,B49) | E49: 2 | F49: =SUMIFS(Hourly!$D:$D,Hourly!$A:$A,$C$4,Hourly!$B:$B,"Weekday",Hourly!$C:$C,$E49) | G49: =SUMIFS(Hourly!$D:$D,Hourly!$A:$A,$C$4,Hourly!$B:$B,"Weekend",Hourly!$C:$C,$E49) | J49: 2025 | K49: =SUMIFS(Yearly!$C:$C,Yearly!$A:$A,$C$4,Yearly!$B:$B,2025) | M49: Summer | N49: =SUMIFS(Seasonal!$C:$C,Seasonal!$A:$A,$C$4,Seasonal!$B:$B,"3 Summer")
B50: 2023-04 | C50: =SUMIFS(Monthly!$D:$D,Monthly!$A:$A,$C$4,Monthly!$C:$C,B50) | E50: 3 | F50: =SUMIFS(Hourly!$D:$D,Hourly!$A:$A,$C$4,Hourly!$B:$B,"Weekday",Hourly!$C:$C,$E50) | G50: =SUMIFS(Hourly!$D:$D,Hourly!$A:$A,$C$4,Hourly!$B:$B,"Weekend",Hourly!$C:$C,$E50) | M50: Fall | N50: =SUMIFS(Seasonal!$C:$C,Seasonal!$A:$A,$C$4,Seasonal!$B:$B,"4 Fall")
B51: 2023-05 | C51: =SUMIFS(Monthly!$D:$D,Monthly!$A:$A,$C$4,Monthly!$C:$C,B51) | E51: 4 | F51: =SUMIFS(Hourly!$D:$D,Hourly!$A:$A,$C$4,Hourly!$B:$B,"Weekday",Hourly!$C:$C,$E51) | G51: =SUMIFS(Hourly!$D:$D,Hourly!$A:$A,$C$4,Hourly!$B:$B,"Weekend",Hourly!$C:$C,$E51)
B52: 2023-06 | C52: =SUMIFS(Monthly!$D:$D,Monthly!$A:$A,$C$4,Monthly!$C:$C,B52) | E52: 5 | F52: =SUMIFS(Hourly!$D:$D,Hourly!$A:$A,$C$4,Hourly!$B:$B,"Weekday",Hourly!$C:$C,$E52) | G52: =SUMIFS(Hourly!$D:$D,Hourly!$A:$A,$C$4,Hourly!$B:$B,"Weekend",Hourly!$C:$C,$E52)
B53: 2023-07 | C53: =SUMIFS(Monthly!$D:$D,Monthly!$A:$A,$C$4,Monthly!$C:$C,B53) | E53: 6 | F53: =SUMIFS(Hourly!$D:$D,Hourly!$A:$A,$C$4,Hourly!$B:$B,"Weekday",Hourly!$C:$C,$E53) | G53: =SUMIFS(Hourly!$D:$D,Hourly!$A:$A,$C$4,Hourly!$B:$B,"Weekend",Hourly!$C:$C,$E53)
B54: 2023-08 | C54: =SUMIFS(Monthly!$D:$D,Monthly!$A:$A,$C$4,Monthly!$C:$C,B54) | E54: 7 | F54: =SUMIFS(Hourly!$D:$D,Hourly!$A:$A,$C$4,Hourly!$B:$B,"Weekday",Hourly!$C:$C,$E54) | G54: =SUMIFS(Hourly!$D:$D,Hourly!$A:$A,$C$4,Hourly!$B:$B,"Weekend",Hourly!$C:$C,$E54)
B55: 2023-09 | C55: =SUMIFS(Monthly!$D:$D,Monthly!$A:$A,$C$4,Monthly!$C:$C,B55) | E55: 8 | F55: =SUMIFS(Hourly!$D:$D,Hourly!$A:$A,$C$4,Hourly!$B:$B,"Weekday",Hourly!$C:$C,$E55) | G55: =SUMIFS(Hourly!$D:$D,Hourly!$A:$A,$C$4,Hourly!$B:$B,"Weekend",Hourly!$C:$C,$E55)
B56: 2023-10 | C56: =SUMIFS(Monthly!$D:$D,Monthly!$A:$A,$C$4,Monthly!$C:$C,B56) | E56: 9 | F56: =SUMIFS(Hourly!$D:$D,Hourly!$A:$A,$C$4,Hourly!$B:$B,"Weekday",Hourly!$C:$C,$E56) | G56: =SUMIFS(Hourly!$D:$D,Hourly!$A:$A,$C$4,Hourly!$B:$B,"Weekend",Hourly!$C:$C,$E56)
B57: 2023-11 | C57: =SUMIFS(Monthly!$D:$D,Monthly!$A:$A,$C$4,Monthly!$C:$C,B57) | E57: 10 | F57: =SUMIFS(Hourly!$D:$D,Hourly!$A:$A,$C$4,Hourly!$B:$B,"Weekday",Hourly!$C:$C,$E57) | G57: =SUMIFS(Hourly!$D:$D,Hourly!$A:$A,$C$4,Hourly!$B:$B,"Weekend",Hourly!$C:$C,$E57)
B58: 2023-12 | C58: =SUMIFS(Monthly!$D:$D,Monthly!$A:$A,$C$4,Monthly!$C:$C,B58) | E58: 11 | F58: =SUMIFS(Hourly!$D:$D,Hourly!$A:$A,$C$4,Hourly!$B:$B,"Weekday",Hourly!$C:$C,$E58) | G58: =SUMIFS(Hourly!$D:$D,Hourly!$A:$A,$C$4,Hourly!$B:$B,"Weekend",Hourly!$C:$C,$E58)
B59: 2024-01 | C59: =SUMIFS(Monthly!$D:$D,Monthly!$A:$A,$C$4,Monthly!$C:$C,B59) | E59: 12 | F59: =SUMIFS(Hourly!$D:$D,Hourly!$A:$A,$C$4,Hourly!$B:$B,"Weekday",Hourly!$C:$C,$E59) | G59: =SUMIFS(Hourly!$D:$D,Hourly!$A:$A,$C$4,Hourly!$B:$B,"Weekend",Hourly!$C:$C,$E59)
B60: 2024-02 | C60: =SUMIFS(Monthly!$D:$D,Monthly!$A:$A,$C$4,Monthly!$C:$C,B60) | E60: 13 | F60: =SUMIFS(Hourly!$D:$D,Hourly!$A:$A,$C$4,Hourly!$B:$B,"Weekday",Hourly!$C:$C,$E60) | G60: =SUMIFS(Hourly!$D:$D,Hourly!$A:$A,$C$4,Hourly!$B:$B,"Weekend",Hourly!$C:$C,$E60)
B61: 2024-03 | C61: =SUMIFS(Monthly!$D:$D,Monthly!$A:$A,$C$4,Monthly!$C:$C,B61) | E61: 14 | F61: =SUMIFS(Hourly!$D:$D,Hourly!$A:$A,$C$4,Hourly!$B:$B,"Weekday",Hourly!$C:$C,$E61) | G61: =SUMIFS(Hourly!$D:$D,Hourly!$A:$A,$C$4,Hourly!$B:$B,"Weekend",Hourly!$C:$C,$E61)
B62: 2024-04 | C62: =SUMIFS(Monthly!$D:$D,Monthly!$A:$A,$C$4,Monthly!$C:$C,B62) | E62: 15 | F62: =SUMIFS(Hourly!$D:$D,Hourly!$A:$A,$C$4,Hourly!$B:$B,"Weekday",Hourly!$C:$C,$E62) | G62: =SUMIFS(Hourly!$D:$D,Hourly!$A:$A,$C$4,Hourly!$B:$B,"Weekend",Hourly!$C:$C,$E62)
... B70: 2024-12 | C70: =SUMIFS(Monthly!$D:$D,Monthly!$A:$A,$C$4,Monthly!$C:$C,B70) | E70: 23 | F70: =SUMIFS(Hourly!$D:$D,Hourly!$A:$A,$C$4,Hourly!$B:$B,"Weekday",Hourly!$C:$C,$E70) | G70: =SUMIFS(Hourly!$D:$D,Hourly!$A:$A,$C$4,Hourly!$B:$B,"Weekend",Hourly!$C:$C,$E70)
B71: 2025-01 | C71: =SUMIFS(Monthly!$D:$D,Monthly!$A:$A,$C$4,Monthly!$C:$C,B71)
B72: 2025-02 | C72: =SUMIFS(Monthly!$D:$D,Monthly!$A:$A,$C$4,Monthly!$C:$C,B72)
B73: 2025-03 | C73: =SUMIFS(Monthly!$D:$D,Monthly!$A:$A,$C$4,Monthly!$C:$C,B73)
B74: 2025-04 | C74: =SUMIFS(Monthly!$D:$D,Monthly!$A:$A,$C$4,Monthly!$C:$C,B74)
B75: 2025-05 | C75: =SUMIFS(Monthly!$D:$D,Monthly!$A:$A,$C$4,Monthly!$C:$C,B75)
B76: 2025-06 | C76: =SUMIFS(Monthly!$D:$D,Monthly!$A:$A,$C$4,Monthly!$C:$C,B76)
B77: 2025-07 | C77: =SUMIFS(Monthly!$D:$D,Monthly!$A:$A,$C$4,Monthly!$C:$C,B77)
B78: 2025-08 | C78: =SUMIFS(Monthly!$D:$D,Monthly!$A:$A,$C$4,Monthly!$C:$C,B78)
B79: 2025-09 | C79: =SUMIFS(Monthly!$D:$D,Monthly!$A:$A,$C$4,Monthly!$C:$C,B79)
B80: 2025-10 | C80: =SUMIFS(Monthly!$D:$D,Monthly!$A:$A,$C$4,Monthly!$C:$C,B80)
B81: 2025-11 | C81: =SUMIFS(Monthly!$D:$D,Monthly!$A:$A,$C$4,Monthly!$C:$C,B81)
B82: 2025-12 | C82: =SUMIFS(Monthly!$D:$D,Monthly!$A:$A,$C$4,Monthly!$C:$C,B82)

Sheet Findings
B1: Key findings
B3: 1. Daily shape: H002 and H003 peak at 19:00 on weekdays and weekends; evening is the heaviest period for typical homes.
B4: 2. Weather drives usage: winter days use roughly 2x the electricity of summer days; temperature explains 80-99% of daily variation (R-squared on the Weather sheet).
B5: 3. H001 jumped ~18% in 2024 and ~14% in 2025: overnight (23:00-03:00) load rose by ~1.8 kWh/hr starting July 2024, consistent with EV charging.
B6: 4. After removing weather effects, H001's underlying use rose ~56% (2023 to 2025), while H002 fell ~8.5% (appliance/lighting efficiency) and H003 was flat.
B7: 5. Data quality: 687 of 79,062 raw rows (0.9%) were removed - 150 duplicates, 473 missing, 39 negative and 25 spike (unit-error) readings.
B8: 6. Recommendation angle: EV charging makes 23:00 H001's weekday peak hour; smart-scheduling the charge across later overnight hours would flatten that peak.

Sheet Monthly
A1: household_id | B1: home_type | C1: year_month | D1: total_kwh | E1: avg_hourly_kwh
A2: H001 | B2: Detached | C2: 2023-01 | D2: 1252.6 | E2: 1.7
A3: H001 | B3: Detached | C3: 2023-02 | D3: 1082.8 | E3: 1.614
A4: H001 | B4: Detached | C4: 2023-03 | D4: 1015.9 | E4: 1.371
A5: H001 | B5: Detached | C5: 2023-04 | D5: 709.2 | E5: 0.992
A6: H001 | B6: Detached | C6: 2023-05 | D6: 514.4 | E6: 0.695
A7: H001 | B7: Detached | C7: 2023-06 | D7: 475.8 | E7: 0.665
A8: H001 | B8: Detached | C8: 2023-07 | D8: 529.3 | E8: 0.722
A9: H001 | B9: Detached | C9: 2023-08 | D9: 504.1 | E9: 0.684
A10: H001 | B10: Detached | C10: 2023-09 | D10: 480.7 | E10: 0.671
A11: H001 | B11: Detached | C11: 2023-10 | D11: 662.3 | E11: 0.896
A12: H001 | B12: Detached | C12: 2023-11 | D12: 918.2 | E12: 1.281
A13: H001 | B13: Detached | C13: 2023-12 | D13: 1149.3 | E13: 1.562
... A109: H003 | B109: Townhouse | C109: 2025-12 | D109: 745.7 | E109: 1.01

Sheet Hourly
A1: household_id | B1: day_type | C1: hour | D1: avg_kwh
A2: H001 | B2: Weekday | C2: 0 | D2: 1.767
A3: H001 | B3: Weekday | C3: 1 | D3: 1.787
A4: H001 | B4: Weekday | C4: 2 | D4: 1.806
A5: H001 | B5: Weekday | C5: 3 | D5: 1.814
A6: H001 | B6: Weekday | C6: 4 | D6: 0.92
A7: H001 | B7: Weekday | C7: 5 | D7: 0.935
A8: H001 | B8: Weekday | C8: 6 | D8: 1.146
A9: H001 | B9: Weekday | C9: 7 | D9: 1.191
A10: H001 | B10: Weekday | C10: 8 | D10: 1.173
A11: H001 | B11: Weekday | C11: 9 | D11: 1.049
A12: H001 | B12: Weekday | C12: 10 | D12: 0.939
A13: H001 | B13: Weekday | C13: 11 | D13: 0.877
... A145: H003 | B145: Weekend | C145: 23 | D145: 0.704

Sheet Yearly
A1: household_id | B1: year | C1: total_kwh | D1: yoy_pct_change
A2: H001 | B2: 2023 | C2: 9294
A3: H001 | B3: 2024 | C3: 10958 | D3: 17.9
A4: H001 | B4: 2025 | C4: 12496 | D4: 14
A5: H002 | B5: 2023 | C5: 2818
A6: H002 | B6: 2024 | C6: 2763 | D6: -2
A7: H002 | B7: 2025 | C7: 2656 | D7: -3.9
A8: H003 | B8: 2023 | C8: 6077
A9: H003 | B9: 2024 | C9: 6085 | D9: 0.1
A10: H003 | B10: 2025 | C10: 6033 | D10: -0.9

Sheet Seasonal
A1: household_id | B1: season | C1: avg_daily_kwh
A2: H001 | B2: 1 Winter | C2: 42.74
A3: H001 | B3: 2 Spring | C3: 27.15
A4: H001 | B4: 3 Summer | C4: 21.32
A5: H001 | B5: 4 Fall | C5: 28.53
A6: H002 | B6: 1 Winter | C6: 10.98
A7: H002 | B7: 2 Spring | C7: 7.2
A8: H002 | B8: 3 Summer | C8: 5.26
A9: H002 | B9: 4 Fall | C9: 6.68
A10: H003 | B10: 1 Winter | C10: 25
A11: H003 | B11: 2 Spring | C11: 15.82
A12: H003 | B12: 3 Summer | C12: 10.92
A13: H003 | B13: 4 Fall | C13: 14.79

Sheet Weather
A1: household_id | B1: base_kwh_per_day | C1: kwh_per_heating_degree_day | D1: kwh_per_cooling_degree_day | E1: r_squared | F1: corr_with_temp
A2: H001 | B2: 20.307 | C2: 1.206 | D2: 3.136 | E2: 0.804 | F2: -0.855
A3: H002 | B3: 4.963 | C3: 0.324 | D3: 0.629 | E3: 0.979 | F3: -0.946
A4: H003 | B4: 10.396 | C4: 0.789 | D4: 1.236 | E4: 0.993 | F4: -0.957
A6: Model: daily kWh = base + a*HDD + b*CDD (HDD base 15C, CDD base 22C), fit by least squares in Pandas/NumPy.
A9: household_id | B9: year | C9: weather_adjusted_daily_kwh
A10: H001 | B10: 2023 | C10: 15.86
A11: H001 | B11: 2024 | C11: 20.3
A12: H001 | B12: 2025 | C12: 24.76
A13: H002 | B13: 2023 | C13: 5.18
A14: H002 | B14: 2024 | C14: 4.97
A15: H002 | B15: 2025 | C15: 4.74
A16: H003 | B16: 2023 | C16: 10.43
A17: H003 | B17: 2024 | C17: 10.38
A18: H003 | B18: 2025 | C18: 10.38

Sheet Data Quality
A1: check | B1: count
A2: Total rows (raw) | B2: 79062
A3: Duplicate rows | B3: 150
A4: Missing kWh | B4: 473
A5: Negative kWh | B5: 39
A6: Implausible spikes (>15 kWh/hr) | B6: 25
A7: Missing temperature (kept; not needed for kWh) | B7: 300
A8: Rows in clean table | B8: 78375
A9: Rows removed | B9: 687
A11: Cleaning rules (SQL): de-duplicate on household+timestamp; drop NULL, negative and >15 kWh/hr readings.
